Time,Acc_X,Acc_Y,Acc_Z
0.0,-0.0312844051610163,-0.02502752412881304,9.793743118967797
0.01001001001001001,0.05372435847850497,0.04297948678280398,9.810744871695702
0.02002002002002002,0.13633146776644542,0.10906517421315634,9.82726629355329
0.03003003003003003,0.10512734192827691,0.08410187354262154,9.821025468385656
0.04004004004004004,0.2610094820599995,0.20880758564799962,9.852201896412002
0.050050050050050046,0.3537654325999087,0.283012346079927,9.870753086519983
0.06006006006006006,0.3606554071170055,0.2885243256936044,9.872131081423403
0.07007007007007007,0.32516325007269764,0.26013060005815813,9.865032650014541
0.08008008008008008,0.42042281139281595,0.3363382491142528,9.884084562278565
0.09009009009009009,0.3850853918589078,0.30806831348712627,9.877017078371782
0.10010010010010009,0.4467350062707791,0.3573880050166233,9.889347001254157
0.11011011011011011,0.45312917837516437,0.3625033427001315,9.890625835675033
0.12012012012012012,0.5482579553013116,0.4386063642410493,9.909651591060262
0.13013013013013014,0.5103663740223469,0.4082930992178775,9.90207327480447
0.14014014014014015,0.5515331823957923,0.44122654591663385,9.91030663647916
0.15015015015015015,0.5801744420069653,0.4641395536055723,9.916034888401393
0.16016016016016016,0.5223402189205145,0.4178721751364116,9.904468043784103
0.17017017017017017,0.4161618287234951,0.3329294629787961,9.8832323657447
0.18018018018018017,0.38736914724945,0.30989531779956003,9.87747382944989
0.19019019019019018,0.38166860599566044,0.30533488479652837,9.876333721199133
0.20020020020020018,0.2166008458036086,0.1732806766428869,9.843320169160723
0.21021021021021022,0.30785476859812444,0.24628381487849957,9.861570953719626
0.22022022022022023,0.16733087134792435,0.13386469707833948,9.833466174269585
0.23023023023023023,0.14733249841047552,0.11786599872838043,9.829466499682097
0.24024024024024024,-0.0245922997332804,-0.01967383978662432,9.795081540053344
0.2502502502502503,-0.015021568135861552,-0.012017254508689242,9.796995686372828
0.2602602602602603,-0.19228727878199015,-0.15382982302559212,9.761542544243603
0.2702702702702703,-0.10660049483864141,-0.08528039587091313,9.778679901032273
0.2802802802802803,-0.19227059040128935,-0.1538164723210315,9.761545881919742
0.2902902902902903,-0.25655956025673277,-0.2052476482053862,9.748688087948654
0.3003003003003003,-0.34805231116543284,-0.2784418489323463,9.730389537766914
0.3103103103103103,-0.25086443244398127,-0.200691545955185,9.749827113511204
0.3203203203203203,-0.3352995064283786,-0.2682396051427029,9.732940098714325
0.3303303303303303,-0.4989784304896886,-0.3991827443917509,9.700204313902063
0.34034034034034033,-0.4243510225003803,-0.3394808180003043,9.715129795499925
0.35035035035035034,-0.43828620815800157,-0.3506289665264013,9.7123427583684
0.36036036036036034,-0.44286350460765983,-0.35429080368612786,9.71142729907847
0.37037037037037035,-0.408996186313062,-0.3271969490504496,9.71820076273739
0.38038038038038036,-0.5116909502432277,-0.4093527601945822,9.697661809951356
0.39039039039039036,-0.5511121971025135,-0.4408897576820108,9.689777560579499
0.40040040040040037,-0.5736767784563453,-0.4589414227650763,9.685264644308731
0.41041041041041043,-0.2901378302747819,-0.23211026421982553,9.741972433945044
0.42042042042042044,-0.4634457846923243,-0.3707566277538594,9.707310843061537
0.43043043043043044,-0.43499327179115954,-0.34799461743292764,9.71300134564177
0.44044044044044045,-0.2808575303200609,-0.22468602425604872,9.743828493935988
0.45045045045045046,-0.27853147380530013,-0.22282517904424012,9.74429370523894
0.46046046046046046,-0.29736263523945233,-0.23789010819156187,9.74052747295211
0.47047047047047047,-0.17266402806280612,-0.1381312224502449,9.765467194387439
0.4804804804804805,-0.11611440673658166,-0.09289152538926533,9.776777118652685
0.4904904904904905,0.024039882806787753,0.019231906245430204,9.804807976561358
0.5005005005005005,-0.03551513274913567,-0.028412106199308534,9.792896973450173
0.5105105105105106,0.07431121510535306,0.05944897208428245,9.814862243021071
0.5205205205205206,0.06382923850357382,0.05106339080285906,9.812765847700716
0.5305305305305306,0.20671170166327538,0.1653693613306203,9.841342340332655
0.5405405405405406,0.2114261145746017,0.16914089165968138,9.84228522291492
0.5505505505505506,0.356640097409001,0.2853120779272008,9.871328019481801
0.5605605605605606,0.3142577442018074,0.2514061953614459,9.862851548840363
0.5705705705705706,0.32569377751914164,0.26055502201531333,9.865138755503828
0.5805805805805806,0.3299070596048025,0.263925647683842,9.865981411920961
0.5905905905905906,0.43614602737549246,0.34891682190039397,9.8872292054751
0.6006006006006006,0.4317395292825293,0.3453916234260235,9.886347905856507
0.6106106106106106,0.451523917464768,0.36121913397181443,9.890304783492954
0.6206206206206206,0.5551333708745609,0.44410669669964875,9.911026674174913
0.6306306306306306,0.43214389514096085,0.34571511611276873,9.886428779028194
0.6406406406406406,0.4312664607097016,0.3450131685677613,9.88625329214194
0.6506506506506506,0.36280617846719876,0.290244942773759,9.872561235693441
0.6606606606606606,0.4319744278530104,0.34557954228240834,9.886394885570603
0.6706706706706707,0.4391908301114861,0.35135266408918886,9.887838166022298
0.6806806806806807,0.39102318810664044,0.3128185504853124,9.878204637621328
0.6906906906906907,0.28718625300910816,0.22974900240728655,9.857437250601823
0.7007007007007007,0.28095844893024485,0.2247667591441959,9.85619168978605
0.7107107107107107,0.2506344540587291,0.20050756324698327,9.850126890811747
0.7207207207207207,0.19624284958018462,0.1569942796641477,9.839248569916037
0.7307307307307307,0.12292651317851606,0.09834121054281286,9.824585302635704
0.7407407407407407,-0.0036259348785067924,-0.002900747902805434,9.799274813024299
0.7507507507507507,-0.10796058680425895,-0.08636846944340716,9.778407882639149
0.7607607607607607,-0.02163510391722398,-0.017308083133779184,9.795672979216556
0.7707707707707707,-0.09693768662726307,-0.07755014930181046,9.780612462674549
0.7807807807807807,-0.24496027460450553,-0.19596821968360445,9.751007945079099
0.7907907907907907,-0.2724064950616314,-0.21792519604930513,9.745518700987674
0.8008008008008007,-0.31837788104075104,-0.25470230483260087,9.736324423791851
0.8108108108108109,-0.2520766739315618,-0.20166133914524945,9.749584665213689
0.8208208208208209,-0.3363827248021496,-0.2691061798417197,9.73272345503957
0.8308308308308309,-0.370451420250467,-0.29636113620037363,9.725909715949907
0.8408408408408409,-0.47951845460043935,-0.3836147636803515,9.704096309079913
0.8508508508508509,-0.45481460737733526,-0.3638516859018682,9.709037078524533
0.8608608608608609,-0.48439808126764544,-0.38751846501411635,9.703120383746471
0.8708708708708709,-0.5494641134922152,-0.4395712907937722,9.690107177301558
0.8808808808808809,-0.49428180708374503,-0.39542544566699606,9.701143638583252
0.8908908908908909,-0.470379098931158,-0.3763032791449264,9.705924180213769
0.9009009009009009,-0.47420919800900574,-0.3793673584072046,9.705158160398199
0.9109109109109109,-0.5341033332271494,-0.42728266658171954,9.693179333354571
0.9209209209209209,-0.42396037738258613,-0.33916830190606895,9.715207924523483
0.9309309309309309,-0.38099159940446486,-0.30479327952357194,9.723801680119108
0.9409409409409409,-0.19269143919712275,-0.15415315135769822,9.761461712160576
0.950950950950951,-0.350268243315016,-0.2802145946520128,9.729946351336997
0.960960960960961,-0.24677280593602238,-0.19741824474881792,9.750645438812796
0.970970970970971,-0.23867654778080719,-0.19094123822464576,9.75226469044384
0.980980980980981,-0.18484590597355116,-0.14787672477884092,9.76303081880529
0.990990990990991,-0.024202041079587615,-0.019361632863670094,9.795159591784083
1.001001001001001,-0.002111439468976445,-0.001689151575181156,9.799577712106206
1.011011011011011,0.10561840812867421,0.08449472650293938,9.821123681625735
1.021021021021021,0.08725355747724273,0.06980284598179419,9.81745071149545
1.031031031031031,0.03302341323528796,0.02641873058823037,9.806604682647059
1.0410410410410411,0.19685586992578152,0.15748469594062522,9.839371173985157
1.0510510510510511,0.36679935598440677,0.2934394847875254,9.873359871196882
1.0610610610610611,0.3375434507871227,0.27003476062969817,9.867508690157425
1.0710710710710711,0.453483113086832,0.3627864904694656,9.890696622617368
1.0810810810810811,0.44514569957808486,0.3561165596624679,9.889029139915618
1.0910910910910911,0.46546464268757737,0.3723717141500619,9.893092928537516
1.1011011011011012,0.6352997542024548,0.5082398033619638,9.927059950840492
1.1111111111111112,0.45643490229379713,0.36514792183503775,9.89128698045876
1.1211211211211212,0.4517203572940488,0.36137628583523906,9.890344071458811
1.1311311311311312,0.5948039259323712,0.47584314074589695,9.918960785186474
1.1411411411411412,0.5278659838481727,0.42229278707853823,9.905573196769636
1.1511511511511512,0.46753146389444944,0.37402517111555955,9.893506292778891
1.1611611611611612,0.4674340353869177,0.3739472283095342,9.893486807077384
1.1711711711711712,0.4182098810479347,0.3345679048383478,9.883641976209587
1.1811811811811812,0.3934437467830684,0.31475499742645474,9.878688749356614
1.1911911911911912,0.36948353163312064,0.29558682530649655,9.873896706326624
1.2012012012012012,0.3101714421070269,0.24813715368562153,9.862034288421405
1.2112112112112112,0.27084401868000957,0.21667521494400765,9.854168803736002
1.2212212212212212,0.1927843510010921,0.15422748080087367,9.83855687020022
1.2312312312312312,0.0707214944986897,0.05657719559895176,9.81414429889974
1.2412412412412412,0.04505184743463048,0.03604147794770439,9.809010369486927
1.2512512512512513,0.062422628753801564,0.04993810300304125,9.812484525750762
1.2612612612612613,-0.10384219023198293,-0.08307375218558635,9.779231561953605
1.2712712712712713,-0.04856060666196177,-0.038848485329569415,9.790287878667609
1.2812812812812813,-0.200313154121076,-0.16025052329686082,9.759937369175786
1.2912912912912913,-0.3447290802349917,-0.27578326418799337,9.731054183953002
1.3013013013013013,-0.2944903654660073,-0.23559229237280588,9.741101926906799
1.3113113113113113,-0.2674057698771156,-0.2139246159016925,9.746518846024578
1.3213213213213213,-0.3394685792580693,-0.2715748634064554,9.732106284148387
1.3313313313313313,-0.4423933113147473,-0.35391464905179787,9.711521337737052
1.3413413413413413,-0.4726024850963804,-0.37808198807710436,9.705479502980724
1.3513513513513513,-0.4919885034457942,-0.3935908027566354,9.701602299310842
1.3613613613613613,-0.45158434332867975,-0.36126747466294384,9.709683131334264
1.3713713713713713,-0.5349113561677635,-0.42792908493421083,9.693017728766447
1.3813813813813813,-0.5182435728714336,-0.41459485829714693,9.696351285425713
1.3913913913913913,-0.48704026421668867,-0.38963221137335097,9.702591947156662
1.4014014014014013,-0.5486729484832615,-0.43893835878660925,9.690265410303349
1.4114114114114114,-0.50499206491158,-0.403993651929264,9.699001587017685
1.4214214214214214,-0.4212754303901456,-0.33702034431211647,9.715744913921972
1.4314314314314314,-0.35825118254055427,-0.2866009460324434,9.72834976349189
1.4414414414414414,-0.3675528450869263,-0.2940422760695411,9.726489430982616
1.4514514514514514,-0.35140709670396986,-0.2811256773631759,9.729718580659206
1.4614614614614614,-0.2756568066827459,-0.22052544534619672,9.744868638663451
1.4714714714714714,-0.1804517749067342,-0.14436141992538737,9.763909645018654
1.4814814814814814,-0.1101976374818021,-0.08815810998544168,9.77796047250364
1.4914914914914914,-0.048574175032781844,-0.03885934002622548,9.790285164993444
1.5015015015015014,0.0524108386078528,0.04192867088628224,9.810482167721572
1.5115115115115114,0.03114594304870652,0.024916754438965218,9.806229188609741
1.5215215215215214,0.15164536698016423,0.12131629358413139,9.830329073396033
1.5315315315315314,0.20852263479114413,0.1668181078329153,9.84170452695823
1.5415415415415414,0.25860189191975896,0.2068815135358072,9.851720378383952
1.5515515515515514,0.34711456137066343,0.27769164909653077,9.869422912274134
1.5615615615615615,0.31975197263271543,0.2558015781061724,9.863950394526544
1.5715715715715715,0.43076928507335194,0.34461542805868156,9.886153857014671
1.5815815815815815,0.4368992352650871,0.34951938821206974,9.887379847053019
1.5915915915915915,0.4731544161027762,0.37852353288222096,9.894630883220556
1.6016016016016015,0.4719727970138406,0.3775782376110725,9.89439455940277
1.6116116116116117,0.5210216136650536,0.4168172909320429,9.904204322733012
1.6216216216216217,0.37682936209007367,0.30146348967205894,9.875365872418016
1.6316316316316317,0.5232533063430144,0.41860264507441153,9.904650661268603
1.6416416416416417,0.4373866536446067,0.3499093229156854,9.887477330728922
1.6516516516516517,0.5018098553255345,0.4014478842604276,9.900361971065108
1.6616616616616617,0.4621910480134415,0.36975283841075324,9.89243820960269
1.6716716716716717,0.448247914664282,0.35859833173142563,9.889649582932858
1.6816816816816818,0.3146677437579263,0.25173419500634103,9.862933548751586
1.6916916916916918,0.39825568315662485,0.3186045465252999,9.879651136631326
1.7017017017017018,0.25485137520189055,0.20388110016151245,9.850970275040378
1.7117117117117118,0.2384783831304703,0.19078270650437623,9.847695676626095
1.7217217217217218,0.1831431162534789,0.14651449300278313,9.836628623250697
1.7317317317317318,0.13377202271540334,0.10701761817232268,9.826754404543081
1.7417417417417418,0.029374026152132714,0.02349922092170617,9.805874805230427
1.7517517517517518,0.05002602386410446,0.04002081909128357,9.810005204772821
1.7617617617617618,-0.11542426089912694,-0.09233940871930156,9.776915147820175
1.7717717717717718,-0.02669877386028781,-0.02135901908823025,9.794660245227943
1.7817817817817818,-0.13814203203798398,-0.11051362563038719,9.772371593592403
1.7917917917917918,-0.269068155015867,-0.21525452401269363,9.746186368996828
1.8018018018018018,-0.3603873885798319,-0.28830991086386554,9.727922522284034
1.8118118118118118,-0.35548358440119476,-0.2843868675209558,9.728903283119761
1.8218218218218218,-0.3939258422772949,-0.3151406738218359,9.721214831544541
1.8318318318318318,-0.3954761429667081,-0.31638091437336646,9.720904771406659
1.8418418418418419,-0.5946816066282312,-0.475745285302585,9.681063678674354
1.8518518518518519,-0.4116163422217842,-0.3292930737774274,9.717676731555644
1.8618618618618619,-0.5450924184425711,-0.43607393475405687,9.690981516311487
1.8718718718718719,-0.41849548506691786,-0.3347963880535343,9.716300902986617
1.8818818818818819,-0.5171371070718654,-0.4137096856574924,9.696572578585627
1.8918918918918919,-0.5437776822138883,-0.4350221457711107,9.691244463557224
1.901901901901902,-0.4580320823970419,-0.36642566591763354,9.708393583520593
1.911911911911912,-0.41434713468236295,-0.33147770774589036,9.717130573063528
1.921921921921922,-0.35750256539315783,-0.2860020523145263,9.728499486921368
1.931931931931932,-0.27469985154827103,-0.21975988123861684,9.745060029690347
1.941941941941942,-0.3276109567661849,-0.26208876541294795,9.734477808646764
1.951951951951952,-0.25021101088007824,-0.20016880870406262,9.749957797823985
1.961961961961962,-0.2567762747040334,-0.20542101976322674,9.748644745059194
1.971971971971972,-0.178413028600272,-0.14273042288021762,9.764317394279946
1.981981981981982,-0.1524382507304074,-0.12195060058432593,9.769512349853919
1.991991991991992,-0.08621983590145696,-0.06897586872116557,9.782756032819709
2.002002002002002,-0.02445809110284323,-0.019566472882274588,9.795108381779432
2.012012012012012,0.02103565926770145,0.01682852741416116,9.804207131853541
2.022022022022022,0.04083703681247308,0.03266962944997847,9.808167407362495
2.032032032032032,0.11683114989031267,0.09346491991225014,9.823366229978063
2.042042042042042,0.35554153974055686,0.2844332317924455,9.871108307948113
2.052052052052052,0.31870498922245194,0.25496399137796155,9.863740997844491
2.062062062062062,0.37579622888214875,0.300636983105719,9.87515924577643
2.0720720720720722,0.3546350198354485,0.2837080158683588,9.87092700396709
2.0820820820820822,0.4590936378243624,0.36727491025948994,9.891818727564873
2.0920920920920922,0.4727207548706642,0.37817660389653135,9.894544150974134
2.1021021021021022,0.5236217685854152,0.4188974148683322,9.904724353717084
2.1121121121121122,0.5055588259278311,0.4044470607422649,9.901111765185567
2.1221221221221223,0.5060522440330423,0.4048417952264338,9.901210448806609
2.1321321321321323,0.5419318183620011,0.43354545468960093,9.9083863636724
2.1421421421421423,0.5794953530808269,0.46359628246466156,9.915899070616167
2.1521521521521523,0.4430129133733879,0.3544103306987103,9.888602582674679
2.1621621621621623,0.4306518239548429,0.34452145916387433,9.886130364790969
2.1721721721721723,0.4751130169601172,0.3800904135680938,9.895022603392023
2.1821821821821823,0.4129667852761458,0.33037342822091664,9.88259335705523
2.1921921921921923,0.36625067952004403,0.2930005436160352,9.87325013590401
2.2022022022022023,0.23013250803902047,0.18410600643121638,9.846026501607804
2.2122122122122123,0.28905947690740375,0.231247581525923,9.85781189538148
2.2222222222222223,0.14351112237986247,0.11480889790388998,9.828702224475974
2.2322322322322323,0.1653768596504334,0.13230148772034672,9.833075371930088
2.2422422422422423,0.03494057949072742,0.02795246359258194,9.806988115898147
2.2522522522522523,-0.057979255932847286,-0.046383404746277834,9.78840414881343
2.2622622622622623,-0.11892255178941324,-0.0951380414315306,9.776215489642118
2.2722722722722724,-0.10983651583492426,-0.08786921266793941,9.778032696833016
2.2822822822822824,-0.2256146076297798,-0.18049168610382385,9.754877078474046
2.2922922922922924,-0.23569678907484748,-0.188557431259878,9.75286064218503
2.3023023023023024,-0.284318572094249,-0.2274548576753992,9.743136285581151
2.3123123123123124,-0.39055410582942196,-0.3124432846635376,9.721889178834116
2.3223223223223224,-0.42015966440089264,-0.3361277315207141,9.715968067119823
2.3323323323323324,-0.37854181128339726,-0.3028334490267178,9.72429163774332
2.3423423423423424,-0.4313019554413093,-0.34504156435304745,9.71373960891174
2.3523523523523524,-0.46877931830762376,-0.37502345464609904,9.706244136338476
2.3623623623623624,-0.5900294278613445,-0.4720235422890756,9.681994114427733
2.3723723723723724,-0.5572218280380612,-0.44577746243044897,9.688555634392388
2.3823823823823824,-0.5364178163946551,-0.4291342531157241,9.692716436721069
2.3923923923923924,-0.4183056765031524,-0.33464454120252196,9.71633886469937
2.4024024024024024,-0.43496822948676533,-0.3479745835894123,9.713006354102648
2.4124124124124124,-0.44278586243312135,-0.3542286899464971,9.711442827513377
2.4224224224224224,-0.5452624587428343,-0.43620996699426745,9.690947508251433
2.4324324324324325,-0.37443694897294516,-0.29954955917835613,9.72511261020541
2.4424424424424425,-0.3556096766197285,-0.2844877412957828,9.728878064676055
2.4524524524524525,-0.2968909108938151,-0.23751272871505208,9.740621817821237
2.4624624624624625,-0.32064885367246865,-0.25651908293797493,9.735870229265506
2.4724724724724725,-0.19843240710235627,-0.15874592568188503,9.76031351857953
2.4824824824824825,-0.1539492865422527,-0.12315942923380217,9.76921014269155
2.4924924924924925,-0.09938474829983002,-0.07950779863986401,9.780123050340034
2.5025025025025025,-0.06543757758590138,-0.05235006206872111,9.786912484482821
2.5125125125125125,0.12825825469155278,0.10260660375324222,9.825651650938312
2.5225225225225225,0.18381104530364417,0.14704883624291534,9.83676220906073
2.5325325325325325,0.18702520940530046,0.14962016752424037,9.83740504188106
2.5425425425425425,0.33053894278609763,0.26443115422887814,9.86610778855722
2.5525525525525525,0.2796159244413432,0.22369273955307456,9.855923184888269
2.5625625625625625,0.3149442796713988,0.25195542373711904,9.862988855934281
2.5725725725725725,0.41675059053555147,0.3334004724284412,9.883350118107112
2.5825825825825826,0.4739079317029979,0.3791263453623983,9.894781586340601
2.5925925925925926,0.46177582528433314,0.36942066022746656,9.892355165056868
2.6026026026026026,0.5604787580107089,0.44838300640856715,9.912095751602143
2.6126126126126126,0.5923083125642098,0.47384665005136783,9.918461662512843
2.6226226226226226,0.5026486551556466,0.40211892412451733,9.90052973103113
2.6326326326326326,0.6020599634246584,0.48164797073972676,9.920411992684933
2.6426426426426426,0.45802476346559506,0.3664198107724761,9.89160495269312
2.6526526526526526,0.4254400813829835,0.3403520651063868,9.885088016276598
2.6626626626626626,0.41271183615639023,0.33016946892511223,9.882542367231279
2.6726726726726726,0.4258360272136351,0.3406688217709081,9.885167205442727
2.6826826826826826,0.37297436267399775,0.29837949013919823,9.8745948725348
2.6926926926926926,0.333181836774598,0.26654546941967844,9.86663636735492
2.7027027027027026,0.24403605889114408,0.19522884711291527,9.84880721177823
2.7127127127127126,0.21612823532246783,0.17290258825797428,9.843225647064495
2.7227227227227226,0.23199333961414545,0.18559467169131638,9.84639866792283
2.7327327327327327,0.11983432801957164,0.09586746241565731,9.823966865603914
2.7427427427427427,0.061602867535080735,0.04928229402806459,9.812320573507018
2.7527527527527527,-0.0076825124100150625,-0.00614600992801205,9.798463497517998
2.7627627627627627,-0.030255198472185538,-0.02420415877774843,9.793948960305563
2.7727727727727727,-0.14470175627034743,-0.11576140501627795,9.771059648745931
2.7827827827827827,-0.2635591329435665,-0.2108473063548532,9.747288173411288
2.7927927927927927,-0.23921438216778773,-0.1913715057342302,9.752157123566443
2.8028028028028027,-0.24309895330989567,-0.19447916264791654,9.751380209338022
2.8128128128128127,-0.31222831270137974,-0.2497826501611038,9.737554337459725
2.8228228228228227,-0.3443647816996625,-0.27549182535973,9.731127043660068
2.8328328328328327,-0.5544442114068528,-0.4435553691254823,9.68911115771863
2.8428428428428427,-0.46241513491817415,-0.36993210793453934,9.707516973016366
2.8528528528528527,-0.4933410506708368,-0.39467284053666946,9.701331789865833
2.8628628628628627,-0.4055372648624363,-0.32442981188994907,9.718892547027513
2.8728728728728727,-0.48604117684461057,-0.3888329414756885,9.702791764631078
2.8828828828828827,-0.45953175826972525,-0.36762540661578025,9.708093648346056
2.8928928928928928,-0.5220684092776405,-0.41765472742211246,9.695586318144473
2.9029029029029028,-0.4566160164745665,-0.36529281317965323,9.708676796705088
2.9129129129129128,-0.38292385042637733,-0.3063390803411019,9.723415229914725
2.9229229229229228,-0.3846009264940099,-0.30768074119520794,9.7230798147012
2.932932932932933,-0.3843886573077916,-0.3075109258462333,9.723122268538443
2.942942942942943,-0.28234187719924364,-0.2258735017593949,9.743531624560152
2.952952952952953,-0.2947132753825531,-0.23577062030604248,9.74105734492349
2.962962962962963,-0.20293408334602142,-0.16234726667681715,9.759413183330796
2.972972972972973,-0.16299314731478745,-0.13039451785182996,9.767401370537042
2.982982982982983,-0.1256141663059293,-0.10049133304474345,9.774877166738815
2.992992992992993,-0.11659690288854532,-0.09327752231083626,9.776680619422292
3.003003003003003,0.007380325864950021,0.005904260691960018,9.801476065172992
3.013013013013013,0.047692584847446595,0.038154067877957276,9.80953851696949
3.023023023023023,0.07052396588132402,0.05641917270505922,9.814104793176266
3.033033033033033,0.16683387233135252,0.133467097865082,9.83336677446627
3.043043043043043,0.19893189001412886,0.15914551201130311,9.839786378002826
3.053053053053053,0.3033616452510647,0.24268931620085177,9.860672329050214
3.063063063063063,0.3839831082491834,0.3071864865993468,9.876796621649838
3.073073073073073,0.3529717710536695,0.2823774168429356,9.870594354210734
3.083083083083083,0.4134072585341133,0.3307258068272907,9.882681451706823
3.093093093093093,0.4522239243144187,0.361779139451535,9.890444784862884
3.103103103103103,0.48455729312884743,0.387645834503078,9.89691145862577
3.113113113113113,0.39443895562681597,0.3155511645014528,9.878887791125363
3.123123123123123,0.47427393373506144,0.3794191469880492,9.894854786747013
3.133133133133133,0.46671389085242726,0.37337111268194184,9.893342778170487
3.143143143143143,0.5003918962314817,0.4003135169851854,9.900078379246297
3.153153153153153,0.46108293357807806,0.36886634686246245,9.892216586715616
3.163163163163163,0.5442592602795817,0.4354074082236654,9.908851852055918
3.173173173173173,0.45107968701201473,0.3608637496096118,9.890215937402404
3.183183183183183,0.3283630324729082,0.2626904259783266,9.865672606494583
3.193193193193193,0.3421214177782172,0.27369713422257375,9.868424283555644
3.203203203203203,0.31232195455564943,0.24985756364451955,9.86246439091113
3.2132132132132134,0.1392880984980649,0.11143047879845192,9.827857619699614
3.2232232232232234,0.06199187453672317,0.049593499629378535,9.812398374907346
3.2332332332332334,0.0739306129446182,0.05914449035569456,9.814786122588924
3.2432432432432434,5.5315504312383745e-06,4.4252403449907e-06,9.800001106310088
3.2532532532532534,-0.023625414169837787,-0.01890033133587023,9.795274917166033
3.2632632632632634,-0.139841111565968,-0.11187288925277442,9.772031777686808
3.2732732732732734,-0.14255554831820283,-0.11404443865456226,9.77148889033636
3.2832832832832834,-0.10612729827431394,-0.08490183861945116,9.778774540345138
3.2932932932932935,-0.17121053072143422,-0.1369684245771474,9.765757893855714
3.3033033033033035,-0.2631085025688797,-0.21048680205510376,9.747378299486225
3.3133133133133135,-0.3442908131704185,-0.2754326505363348,9.731141837365916
3.3233233233233235,-0.3288726079556667,-0.26309808636453336,9.734225478408867
3.3333333333333335,-0.3850427364406115,-0.3080341891524892,9.722991452711879
3.3433433433433435,-0.5174835153087073,-0.4139868122469659,9.696503296938259
3.3533533533533535,-0.4644812865213048,-0.3715850292170439,9.70710374269574
3.3633633633633635,-0.5270708156246431,-0.4216566524997145,9.694585836875072
3.3733733733733735,-0.40687893636678835,-0.3255031490934307,9.718624212726644
3.3833833833833835,-0.4395481202420697,-0.3516384961936558,9.712090375951586
3.3933933933933935,-0.48107669506958534,-0.3848613560556683,9.703784660986084
3.4034034034034035,-0.43215524557714324,-0.3457241964617146,9.713568950884572
3.4134134134134135,-0.5107260998824003,-0.40858087990592024,9.69785478002352
3.4234234234234235,-0.34366521723131305,-0.27493217378505047,9.731266956553737
3.4334334334334335,-0.34610546746070564,-0.2768843739685645,9.73077890650786
3.4434434434434436,-0.31718010626525706,-0.25374408501220563,9.736563978746949
3.4534534534534536,-0.28590190524381065,-0.22872152419504854,9.742819618951238
3.4634634634634636,-0.19768364042826309,-0.15814691234261047,9.760463271914348
3.4734734734734736,-0.1692685269235838,-0.13541482153886705,9.766146294615284
3.4834834834834836,-0.05778462150761253,-0.046227697206090025,9.788443075698478
3.4934934934934936,-0.05745998283390484,-0.045967986267123874,9.78850800343322
3.5035035035035036,0.03460056198711444,0.027680449589691555,9.806920112397423
3.5135135135135136,0.13873835941622104,0.11099068753297683,9.827747671883245
3.5235235235235236,0.10491462513363342,0.08393170010690675,9.820982925026728
3.5335335335335336,0.3033324902384035,0.2426659921907228,9.860666498047681
3.5435435435435436,0.28272222336567293,0.22617777869253836,9.856544444673135
3.5535535535535536,0.32720837993542573,0.2617667039483406,9.865441675987086
3.5635635635635636,0.24370836235631754,0.19496668988505406,9.848741672471265
3.5735735735735736,0.4610151802615299,0.3688121442092239,9.892203036052306
3.5835835835835836,0.5017539112373259,0.40140312898986075,9.900350782247466
3.5935935935935936,0.505330615109641,0.40426449208771276,9.901066123021929
3.6036036036036037,0.44187451888116047,0.3534996151049284,9.888374903776233
3.6136136136136137,0.4267172569426432,0.34137380555411456,9.885343451388529
3.6236236236236237,0.5225128700934676,0.4180102960747741,9.904502574018695
3.6336336336336337,0.4851540659704927,0.3881232527763942,9.8970308131941
3.6436436436436437,0.4740353094997394,0.3792282475997915,9.894807061899948
3.6536536536536537,0.4557581334266162,0.36460650674129297,9.891151626685325
3.6636636636636637,0.4174557843912397,0.3339646275129918,9.883491156878248
3.6736736736736737,0.4025658496148641,0.3220526796918913,9.880513169922974
3.6836836836836837,0.3182428234013672,0.2545942587210938,9.863648564680274
3.6936936936936937,0.31311455331215626,0.250491642649725,9.862622910662433
3.7037037037037037,0.2152688898721948,0.17221511189775585,9.84305377797444
3.7137137137137137,0.2696784181389316,0.2157427345111453,9.853935683627787
3.7237237237237237,0.13511002763383315,0.10808802210706653,9.827022005526768
3.7337337337337337,0.10002840667152256,0.08002272533721805,9.820005681334305
3.7437437437437437,0.0069846112814039435,0.005587689025123155,9.80139692225628
3.7537537537537538,-0.005372357460011277,-0.0042978859680090215,9.798925528507999
3.7637637637637638,-0.09232874676871682,-0.07386299741497346,9.781534250646258
3.7737737737737738,-0.19234156257157875,-0.15387325005726302,9.761531687485684
3.7837837837837838,-0.2155689326342572,-0.17245514610740575,9.75688621347315
3.793793793793794,-0.2781698496597846,-0.22253587972782768,9.744366030068043
3.803803803803804,-0.3969142159015664,-0.31753137272125315,9.720617156819687
3.813813813813814,-0.3844187235040014,-0.30753497880320113,9.7231162552992
3.823823823823824,-0.42217558996962257,-0.33774047197569806,9.715564882006076
3.833833833833834,-0.43442013531096724,-0.3475361082487738,9.713115972937807
3.843843843843844,-0.4325650819587406,-0.34605206556699253,9.713486983608252
3.853853853853854,-0.4823606035031816,-0.3858884828025453,9.703527879299365
3.863863863863864,-0.48185812389509747,-0.385486499116078,9.703628375220982
3.873873873873874,-0.5829575715937307,-0.4663660572749846,9.683408485681255
3.883883883883884,-0.4985822429140121,-0.3988657943312097,9.700283551417199
3.893893893893894,-0.4248279016144547,-0.3398623212915638,9.71503441967711
3.903903903903904,-0.574497772834616,-0.4595982182676928,9.685100445433077
3.913913913913914,-0.3993359552855524,-0.31946876422844195,9.720132808942891
3.923923923923924,-0.450167524359649,-0.3601340194877192,9.709966495128072
3.933933933933934,-0.40951389759472506,-0.3276111180757801,9.718097220481056
3.943943943943944,-0.3263868657335793,-0.26110949258686345,9.734722626853285
3.953953953953954,-0.21030682913354004,-0.16824546330683204,9.757938634173293
3.963963963963964,-0.24316113871746717,-0.19452891097397373,9.751367772256508
3.973973973973974,-0.10037023387033367,-0.08029618709626694,9.779925953225934
3.983983983983984,-0.16600939714794036,-0.13280751771835228,9.766798120570412
3.993993993993994,-0.1290033493027595,-0.10320267944220761,9.77419933013945
4.004004004004004,0.022773653791620784,0.018218923033296627,9.804554730758325
4.014014014014014,0.04078369769244744,0.032626958153957955,9.80815673953849
4.024024024024024,0.14322934657241237,0.1145834772579299,9.828645869314483
4.034034034034034,0.23298145604738058,0.18638516483790446,9.846596291209476
4.044044044044044,0.2732840521278125,0.21862724170225,9.854656810425563
4.054054054054054,0.34132452896078574,0.2730596231686286,9.868264905792158
4.064064064064064,0.42983219248605814,0.34386575398884656,9.885966438497212
4.074074074074074,0.4138208024853791,0.3310566419883033,9.882764160497077
4.084084084084084,0.46276666314545467,0.37021333051636374,9.892553332629092
4.094094094094094,0.5026040167799674,0.4020832134239739,9.900520803355993
4.104104104104104,0.5361405844481848,0.42891246755854784,9.907228116889637
4.114114114114114,0.6172803768144799,0.49382430145158396,9.923456075362896
4.124124124124124,0.3806481126726736,0.3045184901381389,9.876129622534535
4.134134134134134,0.5837422565353858,0.4669938052283087,9.916748451307077
4.1441441441441444,0.389662262850475,0.31172981028038005,9.877932452570096
4.1541541541541545,0.37928838431949774,0.3034307074555982,9.8758576768639
4.1641641641641645,0.40699081991314956,0.32559265593051967,9.881398163982631
4.1741741741741745,0.3124691110943484,0.2499752888754787,9.86249382221887
4.1841841841841845,0.35166891348735646,0.2813351307898852,9.870333782697472
4.1941941941941945,0.28345254522999924,0.2267620361839994,9.856690509046
4.2042042042042045,0.21952598234688864,0.17562078587751093,9.843905196469379
4.2142142142142145,0.18486883357824918,0.14789506686259934,9.836973766715651
4.2242242242242245,0.28430267606621606,0.22744214085297287,9.856860535213244
4.2342342342342345,0.04377241055578992,0.03501792844463194,9.808754482111159
4.2442442442442445,0.028899951886837968,0.023119961509470377,9.805779990377369
4.2542542542542545,-0.013964367566987277,-0.011171494053589822,9.797207126486603
4.2642642642642645,-0.029246560385315486,-0.02339724830825239,9.794150687922938
4.2742742742742745,-0.09981969537937568,-0.07985575630350056,9.780036060924125
4.2842842842842845,-0.19642064656151914,-0.15713651724921532,9.760715870687697
4.2942942942942945,-0.30017564360640486,-0.2401405148851239,9.739964871278719
4.3043043043043046,-0.32848930398188364,-0.2627914431855069,9.734302139203624
4.314314314314315,-0.40871259031308654,-0.32697007225046926,9.718257481937384
4.324324324324325,-0.375404284060957,-0.3003234272487656,9.72491914318781
4.334334334334335,-0.49201736492708587,-0.39361389194166874,9.701596527014583
4.344344344344345,-0.4363946584124262,-0.34911572672994096,9.712721068317515
4.354354354354355,-0.5176526282331229,-0.4141221025864983,9.696469474353377
4.364364364364365,-0.5943605731255679,-0.47548845850045435,9.681127885374886
4.374374374374375,-0.5612621088881652,-0.4490096871105322,9.687747578222368
4.384384384384385,-0.5180180515006729,-0.4144144412005384,9.696396389699865
4.394394394394395,-0.5026635171443375,-0.40213081371547005,9.699467296571132
4.404404404404405,-0.5073809178660663,-0.40590473429285306,9.698523816426787
4.414414414414415,-0.3995669444916767,-0.31965355559334135,9.720086611101665
4.424424424424425,-0.47765985549916634,-0.3821278843993331,9.704468028900168
4.434434434434435,-0.43908269279167145,-0.3512661542333372,9.712183461441667
4.444444444444445,-0.39636503557813824,-0.3170920284625106,9.720726992884373
4.454454454454455,-0.20405497761469943,-0.16324398209175955,9.759189004477062
4.464464464464465,-0.28931125231078214,-0.2314490018486257,9.742137749537845
4.474474474474475,-0.1415895407407461,-0.11327163259259687,9.77168209185185
4.484484484484485,-0.10276842427751531,-0.08221473942201225,9.779446315144497
4.494494494494495,-0.06772596504137027,-0.054180772033096215,9.786454806991726
4.504504504504505,-0.03253278022327143,-0.02602622417861715,9.793493443955347
4.514514514514515,0.05259271204878713,0.042074169639029706,9.810518542409758
4.524524524524525,0.17407135504612614,0.13925708403690093,9.834814271009225
4.534534534534535,0.18466950452108025,0.1477356036168642,9.836933900904217
4.544544544544545,0.3236980297777579,0.25895842382220635,9.864739605955553
4.554554554554555,0.3236230011701249,0.2588984009360999,9.864724600234025
4.564564564564565,0.39186197046530574,0.3134895763722446,9.878372394093061
4.574574574574575,0.38681069148363667,0.30944855318690934,9.877362138296728
4.584584584584585,0.5062605110748669,0.40500840885989353,9.901252102214974
4.594594594594595,0.46396448478725405,0.37117158782980325,9.892792896957452
4.604604604604605,0.416896800803068,0.3335174406424544,9.883379360160614
4.614614614614615,0.466642743304418,0.37331419464353444,9.893328548660884
4.624624624624625,0.49415204827456705,0.39532163861965364,9.898830409654915
4.634634634634635,0.4797593739938152,0.3838074991950522,9.895951874798763
4.644644644644645,0.5083079940709812,0.4066463952567849,9.901661598814197
4.654654654654655,0.464362628936083,0.37149010314886644,9.892872525787217
4.664664664664665,0.38324238361319124,0.306593906890553,9.87664847672264
4.674674674674675,0.44519226487308394,0.3561538118984672,9.889038452974617
4.684684684684685,0.43863016264960775,0.35090413011968624,9.887726032529923
4.694694694694695,0.3640242317800456,0.2912193854240365,9.87280484635601
4.704704704704705,0.31906732395283793,0.25525385916227034,9.863813464790569
4.714714714714715,0.22377695566798425,0.17902156453438742,9.844755391133598
4.724724724724725,0.15517035719436167,0.12413628575548935,9.831034071438873
4.734734734734735,0.14233553818897732,0.11386843055118186,9.828467107637795
4.744744744744745,0.12479290626928587,0.0998343250154287,9.824958581253858
4.754754754754755,0.05147640513821353,0.04118112411057082,9.810295281027644
4.764764764764765,-0.11763138371103019,-0.09410510696882415,9.776473723257794
4.774774774774775,-0.19278857717114883,-0.15423086173691908,9.76144228456577
4.784784784784785,-0.15177891368628801,-0.12142313094903041,9.769644217262742
4.794794794794795,-0.26374937563677836,-0.2109995005094227,9.747250124872645
4.804804804804805,-0.27343555500665523,-0.2187484440053242,9.74531288899867
4.814814814814815,-0.384217053212833,-0.30737364257026645,9.723156589357433
4.824824824824825,-0.3867616105750525,-0.309409288460042,9.722647677884991
4.834834834834835,-0.4115942280004349,-0.3292753824003479,9.717681154399914
4.844844844844845,-0.4337008491577246,-0.3469606793261797,9.713259830168456
4.854854854854855,-0.5306162932481999,-0.42449303459855997,9.69387674135036
4.864864864864865,-0.48772607504302246,-0.390180860034418,9.702454784991396
4.874874874874875,-0.5803874162553887,-0.464309933004311,9.683922516748924
4.884884884884885,-0.46885064367398477,-0.3750805149391878,9.706229871265204
4.894894894894895,-0.5120521062479719,-0.40964168499837755,9.697589578750407
4.904904904904905,-0.41329217598665,-0.33063374078932006,9.717341564802672
4.914914914914915,-0.4352332770850622,-0.3481866216680498,9.712953344582989
4.924924924924925,-0.44863471510167025,-0.35890777208133623,9.710273056979666
4.934934934934935,-0.3184267229030893,-0.25474137832247146,9.736314655419383
4.944944944944945,-0.29637870501837166,-0.23710296401469733,9.740724258996327
4.954954954954955,-0.15960024354049074,-0.1276801948323926,9.768079951291902
4.964964964964965,-0.2114922446123567,-0.16919379568988535,9.75770155107753
4.974974974974975,-0.11096185649366883,-0.08876948519493506,9.777807628701266
4.984984984984985,-0.08000721627804736,-0.06400577302243789,9.783998556744391
4.994994994994995,0.0042961837809617626,0.00343694702476941,9.800859236756192
5.005005005005005,0.02049929024217688,0.016399432193741504,9.804099858048437
5.015015015015015,0.09204353921100814,0.07363483136880651,9.818408707842202
5.025025025025025,0.19138315205828987,0.1531065216466319,9.83827663041166
5.035035035035035,0.16112906359352183,0.12890325087481747,9.832225812718706
5.045045045045045,0.27874843386959464,0.22299874709567571,9.855749686773919
5.055055055055055,0.22403732050174519,0.17922985640139616,9.84480746410035
5.065065065065065,0.3564670701837556,0.2851736561470045,9.871293414036751
5.075075075075075,0.3935373470284176,0.31482987762273407,9.878707469405684
5.085085085085085,0.46436578614587637,0.3714926289167011,9.892873157229175
5.095095095095095,0.4526630526870071,0.36213044214960566,9.890532610537402
5.105105105105105,0.5953792504258855,0.4763034003407084,9.919075850085179
5.115115115115115,0.4223169187442696,0.3378535349954157,9.884463383748855
5.125125125125125,0.5071349023618632,0.40570792188949056,9.901426980472372
5.135135135135135,0.5394432207582301,0.43155457660658414,9.907888644151647
5.145145145145145,0.5013305448303927,0.40106443586431423,9.900266108966079
5.155155155155155,0.4081771022205551,0.3265416817764441,9.881635420444113
5.165165165165165,0.43716243086979245,0.34972994469583396,9.887432486173958
5.175175175175175,0.45187769364769603,0.36150215491815685,9.89037553872954
5.185185185185185,0.3976990479960871,0.31815923839686966,9.879539809599217
5.195195195195195,0.40711529031703425,0.3256922322536274,9.881423058063408
5.205205205205205,0.27423789841215646,0.21939031872972517,9.854847579682431
5.215215215215215,0.24092084544359732,0.19273667635487787,9.84818416908872
5.225225225225225,0.23029991648840026,0.1842399331907202,9.84605998329768
5.235235235235235,-0.02973867306351108,-0.023790938450808864,9.794052265387299
5.245245245245245,0.03563183096026607,0.02850546476821286,9.807126366192055
5.255255255255255,-0.030186683099744524,-0.024149346479795622,9.793962663380052
5.265265265265265,-0.11765507602654804,-0.09412406082123843,9.776468984794692
5.275275275275275,-0.1366067320576712,-0.10928538564613698,9.772678653588466
5.285285285285285,-0.32129723609025235,-0.2570377888722019,9.73574055278195
5.295295295295295,-0.2617811692870277,-0.20942493542962218,9.747643766142595
5.305305305305305,-0.3125153564953903,-0.25001228519631225,9.737496928700923
5.315315315315315,-0.43284650662486535,-0.3462772052998923,9.713430698675028
5.325325325325325,-0.3987240957915249,-0.31897927663321995,9.720255180841695
5.335335335335335,-0.43559487325563384,-0.3484758986045071,9.712881025348874
5.345345345345345,-0.45224681344685314,-0.36179745075748254,9.70955063731063
5.355355355355355,-0.4914828185091226,-0.39318625480729813,9.701703436298176
5.365365365365365,-0.4340629339872406,-0.34725034718979253,9.713187413202553
5.375375375375375,-0.5635241351323697,-0.45081930810589577,9.687295172973526
5.385385385385385,-0.5066595663669654,-0.4053276530935723,9.698668086726608
5.395395395395395,-0.4399729224106236,-0.35197833792849886,9.712005415517876
5.405405405405405,-0.43650002961916123,-0.349200023695329,9.712699994076168
5.415415415415415,-0.37380633720181733,-0.2990450697614539,9.725238732559637
5.425425425425425,-0.34702656247444,-0.277621249979552,9.730594687505112
5.435435435435435,-0.40655058128078037,-0.32524046502462434,9.718689883743844
5.445445445445445,-0.3354330790712365,-0.2683464632569892,9.732913384185753
5.455455455455455,-0.2950408316467374,-0.23603266531738992,9.740991833670654
5.465465465465465,-0.2120703888066987,-0.16965631104535897,9.757585922238661
5.475475475475475,-0.20964734581362582,-0.16771787665090065,9.758070530837276
5.485485485485485,-0.0728101426682961,-0.058248114134636875,9.785437971466342
5.495495495495495,-0.055918361826812896,-0.04473468946145032,9.788816327634638
5.505505505505505,0.015647523241466954,0.012518018593173565,9.803129504648295
5.515515515515515,0.14653545455664022,0.11722836364531218,9.829307090911328
5.525525525525525,0.12382026960117787,0.0990562156809423,9.824764053920235
5.535535535535535,0.22674912673651906,0.18139930138921526,9.845349825347304
5.545545545545545,0.2843560565296114,0.2274848452236891,9.856871211305924
5.555555555555555,0.3165645465632564,0.2532516372506051,9.863312909312652
5.565565565565565,0.35075675787148874,0.280605406297191,9.870151351574298
5.575575575575575,0.4251587121549958,0.34012696972399664,9.885031742431
5.585585585585585,0.47917937226319174,0.38334349781055344,9.895835874452638
5.595595595595595,0.4698807459319431,0.37590459674555454,9.89397614918639
5.605605605605605,0.45517704627536415,0.36414163702029134,9.891035409255073
5.615615615615615,0.5434310243636853,0.43474481949094823,9.908686204872737
5.625625625625625,0.5590663307946192,0.44725306463569536,9.911813266158925
5.635635635635635,0.5267049421376567,0.4213639537101254,9.905340988427533
5.645645645645645,0.5196565688091953,0.41572525504735625,9.90393131376184
5.655655655655655,0.520747356494151,0.41659788519532087,9.904149471298831
5.665665665665665,0.38019803653543743,0.30415842922834996,9.876039607307089
5.675675675675675,0.34720591582592397,0.2777647326607392,9.869441183165186
5.685685685685685,0.4450998944202607,0.3560799155362086,9.889019978884052
5.6956956956956954,0.361182836918182,0.2889462695345456,9.872236567383638
5.7057057057057055,0.1807400541413312,0.14459204331306497,9.836148010828268
5.7157157157157155,0.19570036386671014,0.1565602910933681,9.839140072773343
5.7257257257257255,0.13776657942967704,0.11021326354374164,9.827553315885936
5.7357357357357355,0.07454997876534844,0.059639983012278755,9.814909995753071
5.7457457457457455,0.02175228184908504,0.017401825479268034,9.804350456369818
5.7557557557557555,-0.08292616987054625,-0.06634093589643701,9.783414766025892
5.7657657657657655,-0.1222836700316559,-0.09782693602532472,9.775543265993669
5.7757757757757755,-0.0905979100631688,-0.07247832805053504,9.781880417987367
5.7857857857857855,-0.2033865621766897,-0.16270924974135179,9.759322687564662
5.7957957957957955,-0.3498017790195719,-0.2798414232156575,9.730039644196086
5.8058058058058055,-0.3317923605749489,-0.26543388845995913,9.73364152788501
5.8158158158158155,-0.39981863239603127,-0.319854905916825,9.720036273520794
5.8258258258258255,-0.35547618769637535,-0.2843809501571003,9.728904762460726
5.8358358358358355,-0.4583802553010927,-0.3667042042408742,9.708323948939782
5.8458458458458455,-0.4310575157468722,-0.34484601259749775,9.713788496850626
5.8558558558558556,-0.4375314308218695,-0.3500251446574956,9.712493713835627
5.865865865865866,-0.4866760084298336,-0.3893408067438669,9.702664798314034
5.875875875875876,-0.4798656292791789,-0.38389250342334313,9.704026874144166
5.885885885885886,-0.5314799378304641,-0.4251839502643713,9.693704012433908
5.895895895895896,-0.4744165822930879,-0.37953326583447033,9.705116683541384
5.905905905905906,-0.5228100203794154,-0.4182480163035323,9.695437995924118
5.915915915915916,-0.3758462109042522,-0.30067696872340177,9.72483075781915
5.925925925925926,-0.40247396986992107,-0.3219791758959369,9.719505206026016
5.935935935935936,-0.3993771631589155,-0.31950173052713243,9.720124567368218
5.945945945945946,-0.3295840390150474,-0.26366723121203794,9.73408319219699
5.955955955955956,-0.27412296317368645,-0.21929837053894918,9.745175407365263
5.965965965965966,-0.13832862079418617,-0.11066289663534895,9.772334275841164
5.975975975975976,-0.16500249800543315,-0.13200199840434654,9.766999500398914
5.985985985985986,-0.06320882025329701,-0.05056705620263761,9.787358235949341
5.995995995995996,0.03454266023715165,0.02763412818972132,9.806908532047432
6.006006006006006,0.029435104654254723,0.02354808372340378,9.805887020930852
6.016016016016016,0.14563432459981102,0.11650745967984882,9.829126864919964
6.026026026026026,0.15792389971460774,0.1263391197716862,9.831584779942922
6.036036036036036,0.30047541448521503,0.24038033158817204,9.860095082897043
6.046046046046046,0.3447585860697836,0.2758068688558269,9.868951717213957
6.056056056056056,0.36350374175412675,0.2908029934033014,9.872700748350827
6.066066066066066,0.33738011669240786,0.2699040933539263,9.867476023338483
6.076076076076076,0.37641408242762675,0.30113126594210143,9.875282816485527
6.086086086086086,0.43525245864374845,0.3482019669149988,9.88705049172875
6.096096096096096,0.4818276611385269,0.38546212891082154,9.896365532227707
6.106106106106106,0.5006064007278396,0.4004851205822717,9.90012128014557
6.116116116116116,0.47376025131341837,0.37900820105073474,9.894752050262685
6.126126126126126,0.46560622319451195,0.3724849785556096,9.893121244638904
6.136136136136136,0.5254715197004488,0.4203772157603591,9.905094303940091
6.146146146146146,0.5694991469570234,0.4555993175656188,9.913899829391406
6.156156156156156,0.4922152741670657,0.3937722193336526,9.898443054833415
6.166166166166166,0.4146024240176611,0.3316819392141289,9.882920484803533
6.176176176176176,0.34661867922871126,0.277294943382969,9.869323735845743
6.186186186186186,0.3770352609851222,0.30162820878809776,9.875407052197025
6.196196196196196,0.3408842854849723,0.27270742838797785,9.868176857096994
6.206206206206206,0.25682008704322146,0.2054560696345772,9.851364017408645
6.216216216216216,0.25304529222810246,0.202436233782482,9.850609058445622
6.226226226226226,0.23346956477105346,0.18677565181684277,9.846693912954212
6.236236236236236,0.05746546911997008,0.045972375295976066,9.811493093823994
6.246246246246246,0.03523279686159307,0.028186237489274457,9.807046559372319
6.256256256256256,-0.09841586624058202,-0.07873269299246562,9.780316826751884
6.266266266266266,-0.13794713471427225,-0.1103577077714178,9.772410573057146
6.276276276276276,-0.18780400536944994,-0.15024320429555996,9.76243919892611
6.286286286286286,-0.17407323792336865,-0.13925859033869492,9.765185352415328
6.296296296296296,-0.2452536916248767,-0.19620295329990137,9.750949261675025
6.306306306306306,-0.4141421389729248,-0.33131371117833985,9.717171572205416
6.316316316316316,-0.3752334682080082,-0.3001867745664066,9.7249533063584
6.326326326326326,-0.3429584037281238,-0.27436672298249903,9.731408319254376
6.336336336336336,-0.5127325291449745,-0.4101860233159796,9.697453494171006
6.346346346346346,-0.464995513489813,-0.3719964107918504,9.707000897302038
6.356356356356356,-0.4525176890416418,-0.3620141512333135,9.709496462191673
6.366366366366366,-0.48114802185338257,-0.38491841748270605,9.703770395629324
6.376376376376376,-0.45128448992434167,-0.36102759193947337,9.709743102015132
6.386386386386386,-0.4235654749531401,-0.3388523799625121,9.715286905009373
6.396396396396396,-0.5356793144017481,-0.4285434515213985,9.692864137119651
6.406406406406406,-0.4926559327636208,-0.39412474621089666,9.701468813447276
6.416416416416417,-0.5162012711430661,-0.4129610169144529,9.696759745771388
6.426426426426427,-0.3870009260992376,-0.3096007408793901,9.722599814780153
6.436436436436437,-0.3178187798903894,-0.25425502391231153,9.736436244021922
6.446446446446447,-0.32245206457541487,-0.2579616516603319,9.735509587084918
6.456456456456457,-0.3218568385376022,-0.2574854708300818,9.73562863229248
6.466466466466467,-0.1733992077485081,-0.13871936619880648,9.765320158450299
6.476476476476477,-0.23339155854484311,-0.1867132468358745,9.753321688291033
6.486486486486487,-0.11774776597782417,-0.09419821278225934,9.776450446804436
6.496496496496497,-0.016486094352473904,-0.013188875481979124,9.796702781129506
6.506506506506507,-0.01733808265338973,-0.013870466122711783,9.796532383469323
6.516516516516517,0.10259254714326935,0.08207403771461548,9.820518509428654
6.526526526526527,0.18786971884460957,0.15029577507568767,9.837573943768923
6.536536536536537,0.2597625465816999,0.20781003726535993,9.851952509316341
6.546546546546547,0.25446762283660296,0.20357409826928238,9.850893524567322
6.556556556556557,0.45745045373234783,0.3659603629858783,9.891490090746471
6.566566566566567,0.3450368369948205,0.27602946959585645,9.869007367398964
6.576576576576577,0.4341569969637507,0.34732559757100057,9.88683139939275
6.586586586586587,0.4100649945327038,0.32805199562616305,9.882012998906541
6.596596596596597,0.40313256027849753,0.32250604822279805,9.8806265120557
6.606606606606607,0.5381471185123923,0.43051769480991386,9.90762942370248
6.616616616616617,0.5740214483658809,0.45921715869270474,9.914804289673176
6.626626626626627,0.4161911569440085,0.33295292555520684,9.883238231388802
6.636636636636637,0.4845100153030383,0.38760801224243063,9.896902003060609
6.646646646646647,0.5108789013275506,0.40870312106204054,9.90217578026551
6.656656656656657,0.40742985983366936,0.3259438878669355,9.881485971966734
6.666666666666667,0.44745596280888267,0.35796477024710616,9.889491192561778
6.676676676676677,0.3613796150572885,0.2891036920458308,9.872275923011458
6.686686686686687,0.31191333970376456,0.24953067176301166,9.862382667940754
6.696696696696697,0.327406061698797,0.2619248493590376,9.86548121233976
6.706706706706707,0.2657036929307734,0.21256295434461872,9.853140738586156
6.716716716716717,0.1439572675862692,0.11516581406901537,9.828791453517255
6.726726726726727,0.10492180392902963,0.08393744314322371,9.820984360785806
6.736736736736737,0.07954938699438437,0.0636395095955075,9.815909877398878
6.746746746746747,0.06612803807309658,0.05290243045847727,9.81322560761462
6.756756756756757,-0.0376985602822536,-0.030158848225802882,9.79246028794355
6.766766766766767,-0.07279254702178323,-0.058234037617426584,9.785441490595645
6.776776776776777,-0.11161164656350053,-0.08928931725080043,9.7776776706873
6.786786786786787,-0.2950770655562417,-0.23606165244499336,9.740984586888752
6.796796796796797,-0.32159723828389963,-0.2572777906271197,9.73568055234322
6.806806806806807,-0.3839298617474383,-0.3071438893979507,9.723214027650513
6.816816816816817,-0.4013293359764056,-0.32106346878112446,9.719734132804719
6.826826826826827,-0.3510083552656551,-0.2808066842125241,9.72979832894687
6.836836836836837,-0.35540059543639996,-0.28432047634912,9.72891988091272
6.846846846846847,-0.6249246232288656,-0.49993969858309245,9.675015075354228
6.856856856856857,-0.43482707473266763,-0.34786165978613415,9.713034585053467
6.866866866866867,-0.5041811461245495,-0.4033449168996396,9.69916377077509
6.876876876876877,-0.48816533794994726,-0.39053227035995786,9.702366932410012
6.886886886886887,-0.5856389266517997,-0.4685111413214398,9.68287221466964
6.896896896896897,-0.5423545457274422,-0.43388363658195384,9.691529090854512
6.906906906906907,-0.5034707951726036,-0.4027766361380829,9.69930584096548
6.916916916916917,-0.39556843573200096,-0.3164547485856008,9.720886312853601
6.926926926926927,-0.3609686622608745,-0.2887749298086996,9.727806267547825
6.936936936936937,-0.3610337532299606,-0.2888270025839685,9.727793249354008
6.946946946946947,-0.2786754213903959,-0.22294033711231676,9.74426491572192
6.956956956956957,-0.2442729479380267,-0.19541835835042137,9.751145410412395
6.966966966966967,-0.23855306271644044,-0.19084245017315238,9.752289387456713
6.976976976976977,-0.1710398573706795,-0.1368318858965436,9.765792028525865
6.986986986986987,-0.11317811319188709,-0.09054249055350967,9.777364377361623
6.996996996996997,0.010380163309045662,0.00830413064723653,9.80207603266181
7.007007007007007,0.14135158014093308,0.12721642212683978,9.84240547404228
7.017017017017017,0.8883434014227233,0.799509061280451,10.066503020426818
7.027027027027027,0.7953294020118751,0.7157964618106876,10.038598820603564
7.037037037037037,0.1972370692781028,0.17751336235029253,9.859171120783431
7.047047047047047,1.373253123321974,1.2359278109897767,10.211975936996593
7.057057057057057,1.4298792207917366,1.286891298712563,10.228963766237522
7.067067067067067,1.2497431507302152,1.1247688356571937,10.174922945219066
7.077077077077077,1.927602825070253,1.7348425425632277,10.378280847521076
7.087087087087087,2.287645743630733,2.05888116926766,10.48629372308922
7.097097097097097,1.3510219515572253,1.2159197564015027,10.205306585467168
7.107107107107107,1.979046290996124,1.7811416618965117,10.393713887298837
7.117117117117117,2.158099169295936,1.9422892523663424,10.447429750788782
7.127127127127127,1.950315476560197,1.7552839289041775,10.38509464296806
7.137137137137137,2.3418750382653806,2.1076875344388424,10.502562511479615
7.147147147147147,1.4564041050157326,1.3107636945141594,10.23692123150472
7.157157157157157,1.8194627756069812,1.637516498046283,10.345838832682094
7.167167167167167,1.764988213469894,1.5884893921229046,10.329496464040968
7.177177177177177,2.010830209622779,1.8097471886605012,10.403249062886834
7.187187187187187,1.6417336844049395,1.4775603159644455,10.292520105321483
7.197197197197197,0.5086580017772221,0.4577922015994999,9.952597400533167
7.207207207207207,1.4545949737252837,1.3091354763527554,10.236378492117586
7.217217217217217,0.6173299938732492,0.5555969944859243,9.985198998161975
7.227227227227227,0.4526617941189947,0.40739561470709523,9.9357985382357
7.237237237237237,0.12127277342449355,0.1091454960820442,9.83638183202735
7.247247247247247,-0.07310645230847927,-0.06579580707763134,9.778068064307456
7.257257257257257,-0.14735647696078047,-0.13262082926470242,9.755793056911767
7.267267267267267,-0.0864467599432634,-0.07780208394893706,9.774065972017022
7.277277277277277,-0.8538158320067911,-0.768434248806112,9.543855250397963
7.287287287287287,-0.8123565602029981,-0.7311209041826983,9.556293031939102
7.297297297297297,-1.300458506894682,-1.1704126562052137,9.409862447931596
7.307307307307307,-0.9075884051725052,-0.8168295646552547,9.52772347844825
7.317317317317317,-1.3101535572376006,-1.1791382015138405,9.40695393282872
7.327327327327327,-1.8810451110115733,-1.6929405999104161,9.235686466696528
7.337337337337337,-0.9912470124132259,-0.8921223111719033,9.502625896276033
7.347347347347347,-1.8904528466512247,-1.7014075619861022,9.232864146004633
7.357357357357357,-2.011460671325062,-1.8103146041925557,9.196561798602483
7.367367367367367,-2.1269871896390824,-1.9142884706751742,9.161903843108275
7.377377377377377,-1.681617837463154,-1.5134560537168387,9.295514648761054
7.387387387387387,-1.931371390754684,-1.7382342516792155,9.220588582773596
7.397397397397397,-1.9905478339062546,-1.7914930505156292,9.202835649828124
7.407407407407407,-2.1673740300605413,-1.9506366270544873,9.149787790981838
7.4174174174174174,-1.9676378231407636,-1.7708740408266872,9.209708653057772
7.4274274274274275,-1.2826206885039484,-1.1543586196535536,9.415213793448816
7.4374374374374375,-1.1399612720709926,-1.0259651448638933,9.458011618378704
7.4474474474474475,-1.5845596262907091,-1.4261036636616382,9.324632112112788
7.4574574574574575,-0.9539683097730247,-0.8585714787957223,9.513809507068093
7.4674674674674675,-0.9519670504903274,-0.8567703454412946,9.514409884852903
7.4774774774774775,-0.22296178111660775,-0.20066560300494699,9.733111465665019
7.4874874874874875,-0.4991712657812707,-0.4492541392031436,9.65024862026562
7.4974974974974975,-0.0430280052878053,-0.03872520475902477,9.787091598413658
7.5075075075075075,2.381190641856146,2.143071577670532,10.514357192556844
7.5175175175175175,2.536200036611942,2.2825800329507477,10.560860010983584
7.5275275275275275,2.3875042417107255,2.148753817539653,10.516251272513218
7.5375375375375375,2.716118214493642,2.444506393044278,10.614835464348094
7.5475475475475475,3.28963583075769,2.960672247681921,10.786890749227307
7.5575575575575575,3.6135345587231944,3.252181102850875,10.884060367616959
7.5675675675675675,4.116054309919102,3.704448878927192,11.034816292975732
7.5775775775775776,3.7569925088810936,3.381293257992984,10.927097752664329
7.587587587587588,3.587400601252795,3.2286605411275153,10.876220180375839
7.597597597597598,4.2671220370193765,3.840409833317439,11.080136611105814
7.607607607607608,2.6022365423888827,2.3420128881499944,10.580670962716665
7.617617617617618,1.4885755687409594,1.3397180118668635,10.246572670622289
7.627627627627628,1.8760886852321648,1.6884798167089483,10.36282660556965
7.637637637637638,1.8916224878649361,1.7024602390784425,10.367486746359482
7.647647647647648,2.0424599116793423,1.838213920511408,10.412737973503804
7.657657657657658,2.023889721462743,1.8215007493164688,10.407166916438824
7.667667667667668,1.6421798191503392,1.4779618372353054,10.292653945745103
7.677677677677678,1.5359293700275356,1.382336433024782,10.260778811008262
7.687687687687688,1.6747915119197443,1.5073123607277699,10.302437453575925
7.697697697697698,0.7640748310870387,0.6876673479783348,10.029222449326113
7.707707707707708,0.5329491307193719,0.4796542176474347,9.959884739215813
7.717717717717718,1.0643923906187636,0.9579531515568872,10.11931771718563
7.727727727727728,0.9255599091165296,0.8330039182048767,10.07766797273496
7.737737737737738,0.12349360014011332,0.111144240126102,9.837048080042035
7.747747747747748,0.5374010677593783,0.4836609609834405,9.961220320327815
7.757757757757758,-0.0241520387692295,-0.02173683489230655,9.792754388369232
7.767767767767768,-0.6327220825479015,-0.5694498742931113,9.61018337523563
7.777777777777778,-0.4870390151122977,-0.4383351136010679,9.653888295466311
7.787787787787788,-0.7796884754751595,-0.7017196279276435,9.566093457357454
7.797797797797798,-1.60624448683592,-1.445620038152328,9.318126653949225
7.807807807807808,-2.010605891864264,-1.8095453026778379,9.196818232440721
7.817817817817818,-1.42605682217969,-1.2834511399617212,9.372182953346094
7.827827827827828,-2.111568124577827,-1.900411312120044,9.166529562626653
7.837837837837838,-2.370595618076648,-2.133536056268983,9.088821314577006
7.847847847847848,-2.249020331294736,-2.0241182981652623,9.12529390061158
7.857857857857858,-2.010437934606761,-1.8093941411460848,9.196868619617973
7.867867867867868,-1.8702441805635064,-1.6832197625071559,9.238926745830948
7.877877877877878,-2.001761499979347,-1.8015853499814123,9.199471550006196
7.887887887887888,-1.5706767532239656,-1.413609077901569,9.32879697403281
7.897897897897898,-2.1401444624241543,-1.926130016181739,9.157956661272754
7.907907907907908,-1.4908437533956391,-1.3417593780560753,9.352746873981308
7.917917917917918,-1.5762419190394794,-1.4186177271355316,9.327127424288157
7.927927927927928,-1.3464610723638182,-1.2118149651274364,9.396061678290856
7.937937937937938,-1.1255837815104752,-1.0130254033594277,9.462324865546858
7.947947947947948,-1.128195987638835,-1.0153763888749516,9.46154120370835
7.957957957957958,-0.7955581038989744,-0.716002293509077,9.56133256883031
7.967967967967968,-1.104445003419568,-0.9940005030776113,9.46866649897413
7.977977977977978,0.03818161345205662,0.034363452106850954,9.811454484035618
7.987987987987988,-1.0008930173792505,-0.9008037156413254,9.499732094786225
7.997997997997998,-0.18389575627654958,-0.16550618064889464,9.744831273117036
8.008008008008009,0.18322296187625248,0.16490066568862724,9.854966888562876
8.018018018018019,0.4551613397325318,0.40964520575927865,9.93654840191976
8.028028028028029,0.5977558195159144,0.537980237564323,9.979326745854776
8.038038038038039,0.931366342298417,0.8382297080685753,10.079409902689525
8.048048048048049,1.6467965513535172,1.4821168962181654,10.294038965406056
8.058058058058059,1.8315135580059114,1.6483622022053204,10.349454067401775
8.068068068068069,1.48446511986081,1.3360186078747291,10.245339535958244
8.078078078078079,1.5257785876309269,1.3732007288678343,10.25773357628928
8.088088088088089,1.3424626415658931,1.2082163774093038,10.202738792469768
8.098098098098099,2.2302209040595953,2.007198813653636,10.46906627121788
8.108108108108109,1.9046848906258982,1.7142164015633083,10.37140546718777
8.118118118118119,2.4793863821222764,2.231447743910049,10.543815914636683
8.128128128128129,1.6082792835140043,1.4474513551626038,10.282483785054202
8.138138138138139,2.012706136725679,1.811435523053111,10.403811841017705
8.148148148148149,2.0887745711569474,1.8798971140412528,10.426632371347084
8.158158158158159,1.6703693251557128,1.5033323926401416,10.301110797546714
8.168168168168169,1.2336099873789719,1.1102489886410747,10.170082996213692
8.178178178178179,1.7528083186457142,1.5775274867811429,10.325842495593715
8.188188188188189,1.0183810633199513,0.9165429569879562,10.105514318995986
8.198198198198199,0.9430957328789091,0.8487861595910182,10.082928719863673
8.208208208208209,1.3964573026343865,1.2568115723709479,10.218937190790317
8.218218218218219,0.20131700510853934,0.18118530459768542,9.860395101532562
8.228228228228229,0.10461796118604894,0.09415616506744405,9.831385388355816
8.238238238238239,0.7054722903605002,0.6349250613244501,10.01164168710815
8.248248248248249,-0.014197097551418687,-0.012777387796276818,9.795740870734575
8.258258258258259,0.0732837186481329,0.06595534678331962,9.82198511559444
8.268268268268269,-0.2614283283517345,-0.23528549551656108,9.72157150149448
8.278278278278279,-0.26358141276752795,-0.23722327149077516,9.720925576169742
8.288288288288289,-0.4891828477412147,-0.4402645629670932,9.653245145677637
8.298298298298299,-1.5238193778936684,-1.3714374401043017,9.3428541866319
8.308308308308309,-1.5669650520628347,-1.4102685468565512,9.32991048438115
8.318318318318319,-1.4666660384268662,-1.3199994345841797,9.360000188471941
8.328328328328329,-1.3845017576282554,-1.2460515818654299,9.384649472711525
8.338338338338339,-1.8742739232366177,-1.6868465309129559,9.237717823029016
8.348348348348349,-1.563701696737809,-1.407331527064028,9.330889490978658
8.358358358358359,-2.0015195599359106,-1.8013676039423197,9.199544132019227
8.368368368368369,-1.2396958701064829,-1.1157262830958345,9.428091238968056
8.378378378378379,-1.9925847819226634,-1.793326303730397,9.2022245654232
8.388388388388389,-1.719625063394304,-1.5476625570548737,9.28411248098171
8.398398398398399,-1.887843195627922,-1.69905887606513,9.233647041311624
8.408408408408409,-1.8297959279742555,-1.64681633517683,9.251061221607724
8.418418418418419,-1.810451922926227,-1.6294067306336044,9.256864423122133
8.428428428428429,-1.750815046051181,-1.575733541446063,9.274755486184647
8.438438438438439,-1.6759207646217087,-1.508328688159538,9.297223770613488
8.448448448448449,-0.8087698268122527,-0.7278928441310275,9.557369051956325
8.458458458458459,-0.5744043869469038,-0.5169639482522134,9.62767868391593
8.468468468468469,-0.7199719956482988,-0.647974796083469,9.58400840130551
8.478478478478479,-0.07716271652360729,-0.06944644487124656,9.776851185042919
8.488488488488489,-0.08511434785453445,-0.07660291306908101,9.77446569564364
8.498498498498499,-0.16354588767962708,-0.14719129891166438,9.750936233696113
8.508508508508509,2.6931377057314507,2.4238239351583055,10.607941311719436
8.518518518518519,3.9431662315760163,3.548849608418415,10.982949869472806
8.528528528528529,3.72897416318817,3.3560767468693533,10.918692248956452
8.538538538538539,4.025186503926932,3.6226678535342387,11.00755595117808
8.548548548548549,4.231543059728268,3.808388753755441,11.06946291791848
8.558558558558559,4.162938639526536,3.7466447755738828,11.048881591857961
8.568568568568569,4.675186324074982,4.207667691667484,11.202555897222496
8.578578578578579,4.529149752072691,4.076234776865422,11.158744925621807
8.588588588588589,4.421482829673429,3.979334546706086,11.126444848902029
8.598598598598599,4.582107258546463,4.123896532691817,11.17463217756394
8.608608608608609,2.581951505717195,2.3237563551454756,10.574585451715159
8.618618618618619,1.7510799804716417,1.5759719824244776,10.325323994141494
8.62862862862863,2.2032461956694815,1.9829215761025334,10.460973858700845
8.63863863863864,2.0136771619291998,1.8123094457362798,10.404103148578761
8.64864864864865,1.8765327966497398,1.688879516984766,10.362959838994923
8.65865865865866,2.2408701877210806,2.016783168948973,10.472261056316325
8.66866866866867,1.6562395883604089,1.490615629524368,10.296871876508124
8.67867867867868,1.4900366233073912,1.341032960976652,10.247010986992217
8.68868868868869,1.6846023989690073,1.5161421590721067,10.305380719690703
8.6986986986987,0.7265597641124957,0.6539037877012461,10.01796792923375
8.70870870870871,0.8456178447059378,0.761056060235344,10.053685353411781
8.71871871871872,0.7881813349681903,0.7093632014713713,10.036454400490458
8.72872872872873,0.5648409498251177,0.508356854842606,9.969452284947536
8.73873873873874,0.18469639172339386,0.16622675255105449,9.85540891751702
8.74874874874875,-0.31309801931693515,-0.2817882173852416,9.70607059420492
8.75875875875876,-0.733549593048908,-0.6601946337440172,9.579935122085327
8.76876876876877,0.027696479694189036,0.024926831724770133,9.808308943908257
8.77877877877878,-0.6355497348687718,-0.5719947613818946,9.609335079539369
8.78878878878879,-0.9903128608101478,-0.891281574729133,9.502906141756956
8.7987987987988,-1.058451761674234,-0.9526065855068105,9.48246447149773
8.80880880880881,-1.730938250258969,-1.557844425233072,9.28071852492231
8.81881881881882,-1.2582268387620636,-1.1324041548858572,9.422531948371383
8.82882882882883,-1.6208904332971978,-1.458801389967478,9.313732870010842
8.83883883883884,-1.8829655721617982,-1.6946690149456183,9.23511032835146
8.84884884884885,-2.014573816465071,-1.813116434818564,9.19562785506048
8.85885885885886,-1.7517073292237257,-1.5765365963013531,9.274487801232883
8.86886886886887,-2.540256302507442,-2.286230672256698,9.037923109247767
8.87887887887888,-1.653251103738386,-1.4879259933645475,9.304024668878485
8.88888888888889,-2.6413979318916283,-2.3772581387024654,9.007580620432512
8.8988988988989,-1.4194572391330238,-1.2775115152197214,9.374162828260094
8.90890890890891,-2.1256094764808187,-1.9130485288327368,9.162317157055755
8.91891891891892,-1.438035253409973,-1.2942317280689757,9.368589423977008
8.92892892892893,-1.259327137826386,-1.1333944240437475,9.422201858652086
8.93893893893894,-1.6830432177153622,-1.5147388959438262,9.295087034685393
8.94894894894895,-1.369995554746711,-1.23299599927204,9.389001333575987
8.95895895895896,-1.681196857920289,-1.51307717212826,9.295640942623914
8.96896896896897,-1.2654739598868066,-1.1389265638981259,9.42035781203396
8.97897897897898,-0.5833728001071948,-0.5250355200964754,9.624988159967842
8.98898898898899,-0.23250795772014338,-0.20925716194812904,9.730247612683957
8.998998998999,-0.2377665767810742,-0.2139899191029668,9.728670026965679
9.00900900900901,0.6708488700140762,0.6037639830126686,10.001254661004223
9.01901901901902,0.46513899489916666,0.41862509540925,9.939541698469752
9.02902902902903,0.014234648278411921,0.012811183450570729,9.804270394483524
9.03903903903904,0.7229200210355745,0.650628018932017,10.016876006310673
9.04904904904905,1.3583324124632103,1.2224991712168893,10.207499723738964
9.05905905905906,1.193248942810556,1.0739240485295003,10.157974682843168
9.06906906906907,1.6744282131216444,1.50698539180948,10.302328463936494
9.07907907907908,1.7590069246543212,1.5831062321888891,10.327702077396298
9.08908908908909,2.29526623966819,2.065739615701371,10.488579871900457
9.0990990990991,1.9683201336792893,1.7714881203113604,10.390496040103788
9.10910910910911,2.2800734593806258,2.0520661134425633,10.484022037814189
9.11911911911912,2.4482908939153876,2.2034618045238488,10.534487268174617
9.12912912912913,2.625754138931177,2.3631787250380594,10.587726241679354
9.13913913913914,1.838943785709891,1.655049407138902,10.351683135712967
9.14914914914915,1.9917412304932627,1.7925671074439364,10.39752236914798
9.15915915915916,2.413839765273571,2.172455788746214,10.524151929582072
9.16916916916917,1.9911511189160278,1.792036007024425,10.397345335674808
9.17917917917918,1.4889591520724104,1.3400632368651693,10.246687745621724
9.18918918918919,1.441781286262791,1.297603157636512,10.232534385878838
9.1991991991992,1.4515039601278665,1.3063535641150799,10.235451188038361
9.20920920920921,1.3643958170341315,1.2279562353307183,10.20931874511024
9.21921921921922,0.7997869684918175,0.7198082716426358,10.039936090547545
9.22922922922923,1.084213758069715,0.9757923822627436,10.125264127420916
9.23923923923924,0.17533217928419187,0.15779896135577268,9.852599653785258
9.24924924924925,-0.3831817627595556,-0.34486358648360005,9.685045471172135
9.25925925925926,-0.042591530154396345,-0.038332377138956715,9.787222540953682
9.26926926926927,-1.1830814635188056,-1.0647733171669251,9.445075560944359
9.27927927927928,-0.7399732637052582,-0.6659759373347324,9.578008020888424
9.28928928928929,-0.885097353971944,-0.7965876185747496,9.534470793808417
9.2992992992993,-1.0283749347912239,-0.9255374413121015,9.491487519562634
9.30930930930931,-1.0450522801003483,-0.9405470520903135,9.486484315969896
9.31931931931932,-1.50301757278133,-1.352715815503197,9.349094728165602
9.32932932932933,-1.7111871494405786,-1.5400684344965208,9.286643855167828
9.33933933933934,-1.3571795515125802,-1.2214615963613222,9.392846134546227
9.34934934934935,-2.192553140583871,-1.973297826525484,9.14223405782484
9.35935935935936,-1.7909021071873519,-1.6118118964686168,9.262729367843795
9.36936936936937,-1.777823227908123,-1.6000409051173108,9.266653031627564
9.37937937937938,-2.069479793772346,-1.8625318143951113,9.179156061868296
9.38938938938939,-1.8949292358400764,-1.7054363122560687,9.231521229247978
9.3993993993994,-2.0649907931519027,-1.8584917138367125,9.18050276205443
9.40940940940941,-1.9834979661229553,-1.7851481695106597,9.204950610163115
9.41941941941942,-1.8880783058109105,-1.6992704752298196,9.233576508256728
9.42942942942943,-1.4635515385834295,-1.3171963847250865,9.360934538424972
9.43943943943944,-1.7983920764566599,-1.618552868810994,9.260482377063003
9.44944944944945,-1.595041774581378,-1.4355375971232402,9.321487467625587
9.45945945945946,-1.1718762869540007,-1.0546886582586006,9.448437113913801
9.46946946946947,-0.04515491613246325,-0.04063942451921693,9.786453525160262
9.47947947947948,-0.5052388837397233,-0.45471499536575094,9.648428334878083
9.48948948948949,-0.5663911622996174,-0.5097520460696556,9.630082651310115
9.4994994994995,-0.11624196064493425,-0.10461776458044082,9.765127411806521
9.50950950950951,-0.14287350301236434,-0.12858615271112792,9.757137949096292
9.51951951951952,0.5366945187492157,0.48302506687429414,9.961008355624765
9.52952952952953,0.9989695696307218,0.8990726126676496,10.099690870889217
9.53953953953954,0.7608821614778962,0.6847939453301066,10.02826464844337
9.54954954954955,1.2421304954268617,1.1179174458841756,10.17263914862806
9.55955955955956,0.6195357713726127,0.5575821942353515,9.985860731411785
9.56956956956957,1.749027341767199,1.5741246075904791,10.32470820253016
9.57957957957958,1.9550008155899887,1.7595007340309898,10.386500244676997
9.58958958958959,1.6304473262101205,1.4674025935891084,10.289134197863037
9.5995995995996,2.4863929378055567,2.237753644025001,10.545917881341667
9.60960960960961,2.4021821316744116,2.1619639185069706,10.520654639502323
9.61961961961962,2.912339039912681,2.621105135921413,10.673701711973806
9.62962962962963,1.9474370369350436,1.7526933332415393,10.384231111080513
9.63963963963964,2.001864249498124,1.8016778245483114,10.400559274849439
9.64964964964965,1.7634548433038255,1.587109358973443,10.329036452991149
9.65965965965966,1.8878859762708768,1.6990973786437893,10.366365792881263
9.66966966966967,1.6858298077717275,1.5172468269945547,10.305748942331519
9.67967967967968,1.225815170303775,1.1032336532733975,10.167744551091133
9.68968968968969,1.5604112640819556,1.40437013767376,10.268123379224587
9.6996996996997,1.181818416715667,1.0636365750441001,10.1545455250147
9.70970970970971,0.2890405141101495,0.2601364626991346,9.886712154233045
9.71971971971972,0.4082623520718242,0.3674361168646418,9.922478705621549
9.72972972972973,0.9494436672744502,0.8544993005470052,10.084833100182335
9.73973973973974,0.40192368218061314,0.3617313139625518,9.920577104654186
9.74974974974975,-0.6023041716778882,-0.5420737545100994,9.619308748496634
9.75975975975976,-0.48077927287153177,-0.4327013455843786,9.655766218138542
9.76976976976977,-0.6491130659023912,-0.584201759312152,9.605266080229283
9.77977977977978,-0.8931473589384512,-0.8038326230446061,9.532055792318465
9.78978978978979,-0.9277805688868822,-0.835002511998194,9.521665829333935
9.7997997997998,-1.1077115724607178,-0.996940415214646,9.467686528261785
9.80980980980981,-1.4753955726120713,-1.3278560153508643,9.357381328216379
9.81981981981982,-1.9311083609799717,-1.7379975248819746,9.22066749170601
9.82982982982983,-2.0580209216625143,-1.852218829496263,9.182593723501247
9.83983983983984,-1.5392402318507208,-1.3853162086656488,9.338227930444784
9.84984984984985,-2.0340582444732407,-1.8306524200259167,9.189782526658028
9.85985985985986,-1.4384742869381726,-1.2946268582443554,9.368457713918549
9.86986986986987,-2.129246589987279,-1.9163219309885509,9.161226023003817
9.87987987987988,-1.7745919962853094,-1.5971327966567785,9.267622401114409
9.88988988988989,-2.260100652754926,-2.0340905874794335,9.121969804173522
9.8998998998999,-1.822723795140237,-1.6404514156262133,9.25318286145793
9.90990990990991,-1.4589605846449272,-1.3130645261804346,9.362311824606522
9.91991991991992,-1.9370975093382887,-1.74338775840446,9.218870747198514
9.92992992992993,-1.4763194399573725,-1.3286874959616353,9.357104168012789
9.93993993993994,-1.5588917749987858,-1.4030025974989073,9.332332467500365
9.94994994994995,-1.1945386314586002,-1.0750847683127402,9.44163841056242
9.95995995995996,-0.8487691645847022,-0.763892248126232,9.54536925062459
9.96996996996997,-0.8454541416328576,-0.7609087274695718,9.546363757510143
9.97997997997998,0.14645638024154217,0.13181074221738795,9.843936914072463
9.98998998998999,-0.7679559281263528,-0.6911603353137176,9.569613221562095
10.0,-0.2906030884973389,-0.26154277964760503,9.712819073450799
